{
    "rmse": 0.6869699264089622,
    "mae": 0.4719276797903349,
    "r2": 0.2865392016240601
}